row_letter,row_number,column_number,label,lysate,master_mix,exp_id,plate_id,plate_reader,reaction_volume,plate_type,plasmid_mid,template,standard_curve_lot,gain,test_condition,operator,vessel,product,well,measurement,key,concentration,dilution,calculated_concentration,final_concentration_with_dilution
A,1,1,,22-L,MMC_25,E240,1,TUBER-11-DDW,20,384 well plate Grainer,m9134733,plasmid,03/10/2026,50,,P6,Greiner,Premium,A1,1081,Greiner_Premium,0,200,10.1295,2025.8947
A,1,2,,22-L,MMC_25,E240,1,TUBER-11-DDW,20,384 well plate Grainer,m9229555,linear,03/10/2026,50,,P6,Greiner,Premium,A2,1054,Greiner_Premium,0,200,9.8882,1977.6458
A,1,3,,22-L,MMD_28,E240,1,TUBER-11-DDW,20,384 well plate Grainer,m9134733,plasmid,03/10/2026,50,,P6,Greiner,Economy,A3,1141,Greiner_Economy,0,200,10.6656,2133.1145
A,1,4,,22-L,MMD_28,E240,1,TUBER-11-DDW,20,384 well plate Grainer,m9229555,linear,03/10/2026,50,,P6,Greiner,Economy,A4,753,Greiner_Economy,0,200,7.1988,1439.7595
A,1,5,,12-L,MMA_7,E240,1,TUBER-11-DDW,20,384 well plate Grainer,m9134733,plasmid,03/10/2026,50,,P6,Greiner,control,A5,735,Greiner_control,0,200,7.038,1407.5935
A,1,6,,22-L,MMC_27,E240,1,TUBER-11-DDW,20,384 well plate Grainer,m9134733,plasmid,03/10/2026,50,,P6,Greiner,Ready96,A6,824,Greiner_Ready96,0,200,7.8332,1566.6363
A,1,7,,22-L,MMC_27,E240,1,TUBER-11-DDW,20,384 well plate Grainer,m9229555,linear,03/10/2026,50,,P6,Greiner,Ready96,A7,687,Greiner_Ready96,0,200,6.6091,1321.8176
A,1,8,,22-L,MMC_25,E240,1,TUBER-11-DDW,20,384 well plate Grainer,m9134733,plasmid,03/10/2026,50,,P6,Tube,Premium,A8,1525,Tube_Premium,0,200,14.0966,2819.3216
A,1,9,,22-L,MMC_25,E240,1,TUBER-11-DDW,20,384 well plate Grainer,m9134733,plasmid,03/10/2026,50,,P6,Tube,Economy,A9,1687,Tube_Economy,0,200,15.5441,3108.8152
A,1,10,,,,E240,1,TUBER-11-DDW,,384 well plate Grainer,,,03/10/2026,50,,P6,,,A10,22,,0,1,0.6673,0.6673
A,1,11,,22-L,MMC_25,E240,1,TUBER-11-DDW,20,384 well plate Grainer,m9134733,plasmid,03/10/2026,50,,P6,Greiner,Premium,A11,506,Greiner_Premium,0,400,4.9919,1996.7422
A,1,12,,22-L,MMC_25,E240,1,TUBER-11-DDW,20,384 well plate Grainer,m9229555,linear,03/10/2026,50,,P6,Greiner,Premium,A12,533,Greiner_Premium,0,400,5.2331,2093.24
A,1,13,,22-L,MMD_28,E240,1,TUBER-11-DDW,20,384 well plate Grainer,m9134733,plasmid,03/10/2026,50,,P6,Greiner,Economy,A13,546,Greiner_Economy,0,400,5.3493,2139.702
A,1,14,,22-L,MMD_28,E240,1,TUBER-11-DDW,20,384 well plate Grainer,m9229555,linear,03/10/2026,50,,P6,Greiner,Economy,A14,354,Greiner_Economy,0,400,3.6337,1453.4949
A,1,15,,12-L,MMA_7,E240,1,TUBER-11-DDW,20,384 well plate Grainer,m9134733,plasmid,03/10/2026,50,,P6,Greiner,control,A15,369,Greiner_control,0,400,3.7678,1507.1048
A,1,16,,22-L,MMC_27,E240,1,TUBER-11-DDW,20,384 well plate Grainer,m9134733,plasmid,03/10/2026,50,,P6,Greiner,Ready96,A16,357,Greiner_Ready96,0,400,3.6605,1464.2169
A,1,17,,22-L,MMC_27,E240,1,TUBER-11-DDW,20,384 well plate Grainer,m9229555,linear,03/10/2026,50,,P6,Greiner,Ready96,A17,382,Greiner_Ready96,0,400,3.8839,1553.5668
A,1,18,,22-L,MMC_25,E240,1,TUBER-11-DDW,20,384 well plate Grainer,m9134733,plasmid,03/10/2026,50,,P6,Tube,Premium,A18,749,Tube_Premium,0,400,7.1631,2865.223
A,1,19,,22-L,MMC_25,E240,1,TUBER-11-DDW,20,384 well plate Grainer,m9134733,plasmid,03/10/2026,50,,P6,Tube,Economy,A19,708,Tube_Economy,0,400,6.7967,2718.6892
A,1,20,,,,E240,1,TUBER-11-DDW,,384 well plate Grainer,,,03/10/2026,50,,P6,,,A20,23,,0,1,0.6763,0.6763
A,1,21,spike-in,spike-in,spike-in,E240,1,TUBER-11-DDW,20,384 well plate Grainer,,spike-in,03/10/2026,50,,P6,spike-in,,A21,2899,spike-in,0,20,26.3733,527.4656
A,1,22,spike-in,spike-in,spike-in,E240,1,TUBER-11-DDW,20,384 well plate Grainer,,spike-in,03/10/2026,50,,P6,spike-in,,A22,300,spike-in,0,200,3.1512,630.2496
A,1,23,,,,E240,1,TUBER-11-DDW,,384 well plate Grainer,,,03/10/2026,50,,P6,,,A23,23,,0,1,0.6763,0.6763
A,1,24,Standard - 1,,,E240,1,TUBER-11-DDW,,384 well plate Grainer,,,03/10/2026,50,,P6,Standard - 1,,A24,86,Standard - 1,1,1,1.2392,1.2392
B,2,1,,,,E240,1,TUBER-11-DDW,,384 well plate Grainer,,,03/10/2026,50,,P6,,,B1,22,,0,1,0.6673,0.6673
B,2,2,,,,E240,1,TUBER-11-DDW,,384 well plate Grainer,,,03/10/2026,50,,P6,,,B2,23,,0,1,0.6763,0.6763
B,2,3,,,,E240,1,TUBER-11-DDW,,384 well plate Grainer,,,03/10/2026,50,,P6,,,B3,23,,0,1,0.6763,0.6763
B,2,4,,,,E240,1,TUBER-11-DDW,,384 well plate Grainer,,,03/10/2026,50,,P6,,,B4,23,,0,1,0.6763,0.6763
B,2,5,,,,E240,1,TUBER-11-DDW,,384 well plate Grainer,,,03/10/2026,50,,P6,,,B5,22,,0,1,0.6673,0.6673
B,2,6,,,,E240,1,TUBER-11-DDW,,384 well plate Grainer,,,03/10/2026,50,,P6,,,B6,22,,0,1,0.6673,0.6673
B,2,7,,,,E240,1,TUBER-11-DDW,,384 well plate Grainer,,,03/10/2026,50,,P6,,,B7,22,,0,1,0.6673,0.6673
B,2,8,,,,E240,1,TUBER-11-DDW,,384 well plate Grainer,,,03/10/2026,50,,P6,,,B8,23,,0,1,0.6763,0.6763
B,2,9,,,,E240,1,TUBER-11-DDW,,384 well plate Grainer,,,03/10/2026,50,,P6,,,B9,22,,0,1,0.6673,0.6673
B,2,10,,,,E240,1,TUBER-11-DDW,,384 well plate Grainer,,,03/10/2026,50,,P6,,,B10,22,,0,1,0.6673,0.6673
B,2,11,,,,E240,1,TUBER-11-DDW,,384 well plate Grainer,,,03/10/2026,50,,P6,,,B11,22,,0,1,0.6673,0.6673
B,2,12,,,,E240,1,TUBER-11-DDW,,384 well plate Grainer,,,03/10/2026,50,,P6,,,B12,24,,0,1,0.6852,0.6852
B,2,13,,,,E240,1,TUBER-11-DDW,,384 well plate Grainer,,,03/10/2026,50,,P6,,,B13,22,,0,1,0.6673,0.6673
B,2,14,,,,E240,1,TUBER-11-DDW,,384 well plate Grainer,,,03/10/2026,50,,P6,,,B14,23,,0,1,0.6763,0.6763
B,2,15,,,,E240,1,TUBER-11-DDW,,384 well plate Grainer,,,03/10/2026,50,,P6,,,B15,22,,0,1,0.6673,0.6673
B,2,16,,,,E240,1,TUBER-11-DDW,,384 well plate Grainer,,,03/10/2026,50,,P6,,,B16,23,,0,1,0.6763,0.6763
B,2,17,,,,E240,1,TUBER-11-DDW,,384 well plate Grainer,,,03/10/2026,50,,P6,,,B17,23,,0,1,0.6763,0.6763
B,2,18,,,,E240,1,TUBER-11-DDW,,384 well plate Grainer,,,03/10/2026,50,,P6,,,B18,22,,0,1,0.6673,0.6673
B,2,19,,,,E240,1,TUBER-11-DDW,,384 well plate Grainer,,,03/10/2026,50,,P6,,,B19,22,,0,1,0.6673,0.6673
B,2,20,,,,E240,1,TUBER-11-DDW,,384 well plate Grainer,,,03/10/2026,50,,P6,,,B20,23,,0,1,0.6763,0.6763
B,2,21,,,,E240,1,TUBER-11-DDW,,384 well plate Grainer,,,03/10/2026,50,,P6,,,B21,23,,0,1,0.6763,0.6763
B,2,22,,,,E240,1,TUBER-11-DDW,,384 well plate Grainer,,,03/10/2026,50,,P6,,,B22,23,,0,1,0.6763,0.6763
B,2,23,,,,E240,1,TUBER-11-DDW,,384 well plate Grainer,,,03/10/2026,50,,P6,,,B23,23,,0,1,0.6763,0.6763
B,2,24,Standard - 1,,,E240,1,TUBER-11-DDW,,384 well plate Grainer,,,03/10/2026,50,,P6,Standard - 1,,B24,88,Standard - 1,1,1,1.257,1.257
C,3,1,,22-L,MMC_25,E240,1,TUBER-11-DDW,20,384 well plate Grainer,m9134733,plasmid,03/10/2026,50,,P6,Greiner,Premium,C1,1097,Greiner_Premium,0,200,10.2724,2054.4866
C,3,2,,22-L,MMC_25,E240,1,TUBER-11-DDW,20,384 well plate Grainer,m9229555,linear,03/10/2026,50,,P6,Greiner,Premium,C2,1032,Greiner_Premium,0,200,9.6917,1938.3318
C,3,3,,22-L,MMD_28,E240,1,TUBER-11-DDW,20,384 well plate Grainer,m9134733,plasmid,03/10/2026,50,,P6,Greiner,Economy,C3,1094,Greiner_Economy,0,200,10.2456,2049.1257
C,3,4,,22-L,MMD_28,E240,1,TUBER-11-DDW,20,384 well plate Grainer,m9229555,linear,03/10/2026,50,,P6,Greiner,Economy,C4,749,Greiner_Economy,0,200,7.1631,1432.6115
C,3,5,,12-L,MMA_7,E240,1,TUBER-11-DDW,20,384 well plate Grainer,m9134733,plasmid,03/10/2026,50,,P6,Greiner,control,C5,744,Greiner_control,0,200,7.1184,1423.6765
C,3,6,,22-L,MMC_27,E240,1,TUBER-11-DDW,20,384 well plate Grainer,m9134733,plasmid,03/10/2026,50,,P6,Greiner,Ready96,C6,765,Greiner_Ready96,0,200,7.306,1461.2035
C,3,7,,22-L,MMC_27,E240,1,TUBER-11-DDW,20,384 well plate Grainer,m9229555,linear,03/10/2026,50,,P6,Greiner,Ready96,C7,645,Greiner_Ready96,0,200,6.2338,1246.7638
C,3,8,,22-L,MMC_25,E240,1,TUBER-11-DDW,20,384 well plate Grainer,m9134733,plasmid,03/10/2026,50,,P6,Tube,Premium,C8,1508,Tube_Premium,0,200,13.9447,2788.9426
C,3,9,,22-L,MMC_25,E240,1,TUBER-11-DDW,20,384 well plate Grainer,m9134733,plasmid,03/10/2026,50,,P6,Tube,Economy,C9,1447,Tube_Economy,0,200,13.3997,2679.9358
C,3,10,,,,E240,1,TUBER-11-DDW,,384 well plate Grainer,,,03/10/2026,50,,P6,,,C10,22,,0,1,0.6673,0.6673
C,3,11,,22-L,MMC_25,E240,1,TUBER-11-DDW,20,384 well plate Grainer,m9134733,plasmid,03/10/2026,50,,P6,Greiner,Premium,C11,500,Greiner_Premium,0,400,4.9382,1975.2982
C,3,12,,22-L,MMC_25,E240,1,TUBER-11-DDW,20,384 well plate Grainer,m9229555,linear,03/10/2026,50,,P6,Greiner,Premium,C12,508,Greiner_Premium,0,400,5.0097,2003.8902
C,3,13,,22-L,MMD_28,E240,1,TUBER-11-DDW,20,384 well plate Grainer,m9134733,plasmid,03/10/2026,50,,P6,Greiner,Economy,C13,535,Greiner_Economy,0,400,5.251,2100.388
C,3,14,,22-L,MMD_28,E240,1,TUBER-11-DDW,20,384 well plate Grainer,m9229555,linear,03/10/2026,50,,P6,Greiner,Economy,C14,375,Greiner_Economy,0,400,3.8214,1528.5488
C,3,15,,12-L,MMA_7,E240,1,TUBER-11-DDW,20,384 well plate Grainer,m9134733,plasmid,03/10/2026,50,,P6,Greiner,control,C15,343,Greiner_control,0,400,3.5355,1414.181
C,3,16,,22-L,MMC_27,E240,1,TUBER-11-DDW,20,384 well plate Grainer,m9134733,plasmid,03/10/2026,50,,P6,Greiner,Ready96,C16,377,Greiner_Ready96,0,400,3.8392,1535.6968
C,3,17,,22-L,MMC_27,E240,1,TUBER-11-DDW,20,384 well plate Grainer,m9229555,linear,03/10/2026,50,,P6,Greiner,Ready96,C17,352,Greiner_Ready96,0,400,3.6159,1446.3469
C,3,18,,22-L,MMC_25,E240,1,TUBER-11-DDW,20,384 well plate Grainer,m9134733,plasmid,03/10/2026,50,,P6,Tube,Premium,C18,736,Tube_Premium,0,400,7.0469,2818.7611
C,3,19,,22-L,MMC_25,E240,1,TUBER-11-DDW,20,384 well plate Grainer,m9134733,plasmid,03/10/2026,50,,P6,Tube,Economy,C19,657,Tube_Economy,0,400,6.341,2536.4154
C,3,20,,,,E240,1,TUBER-11-DDW,,384 well plate Grainer,,,03/10/2026,50,,P6,,,C20,23,,0,1,0.6763,0.6763
C,3,21,spike-in,spike-in,spike-in,E240,1,TUBER-11-DDW,20,384 well plate Grainer,,spike-in,03/10/2026,50,,P6,spike-in,,C21,2885,spike-in,0,20,26.2482,524.9638
C,3,22,spike-in,spike-in,spike-in,E240,1,TUBER-11-DDW,20,384 well plate Grainer,,spike-in,03/10/2026,50,,P6,spike-in,,C22,305,spike-in,0,200,3.1959,639.1846
C,3,23,,,,E240,1,TUBER-11-DDW,,384 well plate Grainer,,,03/10/2026,50,,P6,,,C23,23,,0,1,0.6763,0.6763
C,3,24,Standard - 2,,,E240,1,TUBER-11-DDW,,384 well plate Grainer,,,03/10/2026,50,,P6,Standard - 2,,C24,181,Standard - 2,2,1,2.088,2.088
D,4,1,,,,E240,1,TUBER-11-DDW,,384 well plate Grainer,,,03/10/2026,50,,P6,,,D1,23,,0,1,0.6763,0.6763
D,4,2,,,,E240,1,TUBER-11-DDW,,384 well plate Grainer,,,03/10/2026,50,,P6,,,D2,22,,0,1,0.6673,0.6673
D,4,3,,,,E240,1,TUBER-11-DDW,,384 well plate Grainer,,,03/10/2026,50,,P6,,,D3,22,,0,1,0.6673,0.6673
D,4,4,,,,E240,1,TUBER-11-DDW,,384 well plate Grainer,,,03/10/2026,50,,P6,,,D4,22,,0,1,0.6673,0.6673
D,4,5,,,,E240,1,TUBER-11-DDW,,384 well plate Grainer,,,03/10/2026,50,,P6,,,D5,22,,0,1,0.6673,0.6673
D,4,6,,,,E240,1,TUBER-11-DDW,,384 well plate Grainer,,,03/10/2026,50,,P6,,,D6,23,,0,1,0.6763,0.6763
D,4,7,,,,E240,1,TUBER-11-DDW,,384 well plate Grainer,,,03/10/2026,50,,P6,,,D7,20,,0,1,0.6495,0.6495
D,4,8,,,,E240,1,TUBER-11-DDW,,384 well plate Grainer,,,03/10/2026,50,,P6,,,D8,23,,0,1,0.6763,0.6763
D,4,9,,,,E240,1,TUBER-11-DDW,,384 well plate Grainer,,,03/10/2026,50,,P6,,,D9,22,,0,1,0.6673,0.6673
D,4,10,,,,E240,1,TUBER-11-DDW,,384 well plate Grainer,,,03/10/2026,50,,P6,,,D10,22,,0,1,0.6673,0.6673
D,4,11,,,,E240,1,TUBER-11-DDW,,384 well plate Grainer,,,03/10/2026,50,,P6,,,D11,20,,0,1,0.6495,0.6495
D,4,12,,,,E240,1,TUBER-11-DDW,,384 well plate Grainer,,,03/10/2026,50,,P6,,,D12,21,,0,1,0.6584,0.6584
D,4,13,,,,E240,1,TUBER-11-DDW,,384 well plate Grainer,,,03/10/2026,50,,P6,,,D13,23,,0,1,0.6763,0.6763
D,4,14,,,,E240,1,TUBER-11-DDW,,384 well plate Grainer,,,03/10/2026,50,,P6,,,D14,21,,0,1,0.6584,0.6584
D,4,15,,,,E240,1,TUBER-11-DDW,,384 well plate Grainer,,,03/10/2026,50,,P6,,,D15,22,,0,1,0.6673,0.6673
D,4,16,,,,E240,1,TUBER-11-DDW,,384 well plate Grainer,,,03/10/2026,50,,P6,,,D16,22,,0,1,0.6673,0.6673
D,4,17,,,,E240,1,TUBER-11-DDW,,384 well plate Grainer,,,03/10/2026,50,,P6,,,D17,22,,0,1,0.6673,0.6673
D,4,18,,,,E240,1,TUBER-11-DDW,,384 well plate Grainer,,,03/10/2026,50,,P6,,,D18,22,,0,1,0.6673,0.6673
D,4,19,,,,E240,1,TUBER-11-DDW,,384 well plate Grainer,,,03/10/2026,50,,P6,,,D19,21,,0,1,0.6584,0.6584
D,4,20,,,,E240,1,TUBER-11-DDW,,384 well plate Grainer,,,03/10/2026,50,,P6,,,D20,23,,0,1,0.6763,0.6763
D,4,21,,,,E240,1,TUBER-11-DDW,,384 well plate Grainer,,,03/10/2026,50,,P6,,,D21,24,,0,1,0.6852,0.6852
D,4,22,,,,E240,1,TUBER-11-DDW,,384 well plate Grainer,,,03/10/2026,50,,P6,,,D22,22,,0,1,0.6673,0.6673
D,4,23,,,,E240,1,TUBER-11-DDW,,384 well plate Grainer,,,03/10/2026,50,,P6,,,D23,22,,0,1,0.6673,0.6673
D,4,24,Standard - 2,,,E240,1,TUBER-11-DDW,,384 well plate Grainer,,,03/10/2026,50,,P6,Standard - 2,,D24,177,Standard - 2,2,1,2.0522,2.0522
E,5,1,,22-L,MMC_25,E240,1,TUBER-11-DDW,20,384 well plate Grainer,m9134733,plasmid,03/10/2026,50,,P6,Greiner,Premium,E1,1116,Greiner_Premium,0,200,10.4422,2088.4396
E,5,2,,22-L,MMC_25,E240,1,TUBER-11-DDW,20,384 well plate Grainer,m9229555,linear,03/10/2026,50,,P6,Greiner,Premium,E2,1044,Greiner_Premium,0,200,9.7989,1959.7758
E,5,3,,22-L,MMD_28,E240,1,TUBER-11-DDW,20,384 well plate Grainer,m9134733,plasmid,03/10/2026,50,,P6,Greiner,Economy,E3,1092,Greiner_Economy,0,200,10.2278,2045.5517
E,5,4,,22-L,MMD_28,E240,1,TUBER-11-DDW,20,384 well plate Grainer,m9229555,linear,03/10/2026,50,,P6,Greiner,Economy,E4,752,Greiner_Economy,0,200,7.1899,1437.9725
E,5,5,,12-L,MMA_7,E240,1,TUBER-11-DDW,20,384 well plate Grainer,m9134733,plasmid,03/10/2026,50,,P6,Greiner,control,E5,759,Greiner_control,0,200,7.2524,1450.4815
E,5,6,,22-L,MMC_27,E240,1,TUBER-11-DDW,20,384 well plate Grainer,m9134733,plasmid,03/10/2026,50,,P6,Greiner,Ready96,E6,797,Greiner_Ready96,0,200,7.5919,1518.3874
E,5,7,,22-L,MMC_27,E240,1,TUBER-11-DDW,20,384 well plate Grainer,m9229555,linear,03/10/2026,50,,P6,Greiner,Ready96,E7,716,Greiner_Ready96,0,200,6.8682,1373.6406
E,5,8,,22-L,MMC_25,E240,1,TUBER-11-DDW,20,384 well plate Grainer,m9134733,plasmid,03/10/2026,50,,P6,Tube,Premium,E8,1467,Tube_Premium,0,200,13.5784,2715.6757
E,5,9,,22-L,MMC_25,E240,1,TUBER-11-DDW,20,384 well plate Grainer,m9134733,plasmid,03/10/2026,50,,P6,Tube,Economy,E9,1568,Tube_Economy,0,200,14.4808,2896.1625
E,5,10,,,,E240,1,TUBER-11-DDW,,384 well plate Grainer,,,03/10/2026,50,,P6,,,E10,21,,0,1,0.6584,0.6584
E,5,11,,22-L,MMC_25,E240,1,TUBER-11-DDW,20,384 well plate Grainer,m9134733,plasmid,03/10/2026,50,,P6,Greiner,Premium,E11,489,Greiner_Premium,0,400,4.84,1935.9843
E,5,12,,22-L,MMC_25,E240,1,TUBER-11-DDW,20,384 well plate Grainer,m9229555,linear,03/10/2026,50,,P6,Greiner,Premium,E12,501,Greiner_Premium,0,400,4.9472,1978.8722
E,5,13,,22-L,MMD_28,E240,1,TUBER-11-DDW,20,384 well plate Grainer,m9134733,plasmid,03/10/2026,50,,P6,Greiner,Economy,E13,525,Greiner_Economy,0,400,5.1616,2064.6481
E,5,14,,22-L,MMD_28,E240,1,TUBER-11-DDW,20,384 well plate Grainer,m9229555,linear,03/10/2026,50,,P6,Greiner,Economy,E14,357,Greiner_Economy,0,400,3.6605,1464.2169
E,5,15,,12-L,MMA_7,E240,1,TUBER-11-DDW,20,384 well plate Grainer,m9134733,plasmid,03/10/2026,50,,P6,Greiner,control,E15,339,Greiner_control,0,400,3.4997,1399.885
E,5,16,,22-L,MMC_27,E240,1,TUBER-11-DDW,20,384 well plate Grainer,m9134733,plasmid,03/10/2026,50,,P6,Greiner,Ready96,E16,365,Greiner_Ready96,0,400,3.732,1492.8089
E,5,17,,22-L,MMC_27,E240,1,TUBER-11-DDW,20,384 well plate Grainer,m9229555,linear,03/10/2026,50,,P6,Greiner,Ready96,E17,387,Greiner_Ready96,0,400,3.9286,1571.4368
E,5,18,,22-L,MMC_25,E240,1,TUBER-11-DDW,20,384 well plate Grainer,m9134733,plasmid,03/10/2026,50,,P6,Tube,Premium,E18,688,Tube_Premium,0,400,6.618,2647.2093
E,5,19,,22-L,MMC_25,E240,1,TUBER-11-DDW,20,384 well plate Grainer,m9134733,plasmid,03/10/2026,50,,P6,Tube,Economy,E19,679,Tube_Economy,0,400,6.5376,2615.0433
E,5,20,,,,E240,1,TUBER-11-DDW,,384 well plate Grainer,,,03/10/2026,50,,P6,,,E20,22,,0,1,0.6673,0.6673
E,5,21,spike-in,spike-in,spike-in,E240,1,TUBER-11-DDW,20,384 well plate Grainer,,spike-in,03/10/2026,50,,P6,spike-in,,E21,2944,spike-in,0,20,26.7754,535.5071
E,5,22,spike-in,spike-in,spike-in,E240,1,TUBER-11-DDW,20,384 well plate Grainer,,spike-in,03/10/2026,50,,P6,spike-in,,E22,299,spike-in,0,200,3.1423,628.4626
E,5,23,,,,E240,1,TUBER-11-DDW,,384 well plate Grainer,,,03/10/2026,50,,P6,,,E23,23,,0,1,0.6763,0.6763
E,5,24,Standard - 3,,,E240,1,TUBER-11-DDW,,384 well plate Grainer,,,03/10/2026,50,,P6,Standard - 3,,E24,391,Standard - 3,4,1,3.9643,3.9643
F,6,1,,,,E240,1,TUBER-11-DDW,,384 well plate Grainer,,,03/10/2026,50,,P6,,,F1,23,,0,1,0.6763,0.6763
F,6,2,,,,E240,1,TUBER-11-DDW,,384 well plate Grainer,,,03/10/2026,50,,P6,,,F2,22,,0,1,0.6673,0.6673
F,6,3,,,,E240,1,TUBER-11-DDW,,384 well plate Grainer,,,03/10/2026,50,,P6,,,F3,23,,0,1,0.6763,0.6763
F,6,4,,,,E240,1,TUBER-11-DDW,,384 well plate Grainer,,,03/10/2026,50,,P6,,,F4,22,,0,1,0.6673,0.6673
F,6,5,,,,E240,1,TUBER-11-DDW,,384 well plate Grainer,,,03/10/2026,50,,P6,,,F5,22,,0,1,0.6673,0.6673
F,6,6,,,,E240,1,TUBER-11-DDW,,384 well plate Grainer,,,03/10/2026,50,,P6,,,F6,23,,0,1,0.6763,0.6763
F,6,7,,,,E240,1,TUBER-11-DDW,,384 well plate Grainer,,,03/10/2026,50,,P6,,,F7,23,,0,1,0.6763,0.6763
F,6,8,,,,E240,1,TUBER-11-DDW,,384 well plate Grainer,,,03/10/2026,50,,P6,,,F8,23,,0,1,0.6763,0.6763
F,6,9,,,,E240,1,TUBER-11-DDW,,384 well plate Grainer,,,03/10/2026,50,,P6,,,F9,23,,0,1,0.6763,0.6763
F,6,10,,,,E240,1,TUBER-11-DDW,,384 well plate Grainer,,,03/10/2026,50,,P6,,,F10,22,,0,1,0.6673,0.6673
F,6,11,,,,E240,1,TUBER-11-DDW,,384 well plate Grainer,,,03/10/2026,50,,P6,,,F11,22,,0,1,0.6673,0.6673
F,6,12,,,,E240,1,TUBER-11-DDW,,384 well plate Grainer,,,03/10/2026,50,,P6,,,F12,22,,0,1,0.6673,0.6673
F,6,13,,,,E240,1,TUBER-11-DDW,,384 well plate Grainer,,,03/10/2026,50,,P6,,,F13,21,,0,1,0.6584,0.6584
F,6,14,,,,E240,1,TUBER-11-DDW,,384 well plate Grainer,,,03/10/2026,50,,P6,,,F14,21,,0,1,0.6584,0.6584
F,6,15,,,,E240,1,TUBER-11-DDW,,384 well plate Grainer,,,03/10/2026,50,,P6,,,F15,20,,0,1,0.6495,0.6495
F,6,16,,,,E240,1,TUBER-11-DDW,,384 well plate Grainer,,,03/10/2026,50,,P6,,,F16,22,,0,1,0.6673,0.6673
F,6,17,,,,E240,1,TUBER-11-DDW,,384 well plate Grainer,,,03/10/2026,50,,P6,,,F17,22,,0,1,0.6673,0.6673
F,6,18,,,,E240,1,TUBER-11-DDW,,384 well plate Grainer,,,03/10/2026,50,,P6,,,F18,22,,0,1,0.6673,0.6673
F,6,19,,,,E240,1,TUBER-11-DDW,,384 well plate Grainer,,,03/10/2026,50,,P6,,,F19,21,,0,1,0.6584,0.6584
F,6,20,,,,E240,1,TUBER-11-DDW,,384 well plate Grainer,,,03/10/2026,50,,P6,,,F20,22,,0,1,0.6673,0.6673
F,6,21,,,,E240,1,TUBER-11-DDW,,384 well plate Grainer,,,03/10/2026,50,,P6,,,F21,22,,0,1,0.6673,0.6673
F,6,22,,,,E240,1,TUBER-11-DDW,,384 well plate Grainer,,,03/10/2026,50,,P6,,,F22,23,,0,1,0.6763,0.6763
F,6,23,,,,E240,1,TUBER-11-DDW,,384 well plate Grainer,,,03/10/2026,50,,P6,,,F23,22,,0,1,0.6673,0.6673
F,6,24,Standard - 3,,,E240,1,TUBER-11-DDW,,384 well plate Grainer,,,03/10/2026,50,,P6,Standard - 3,,F24,347,Standard - 3,4,1,3.5712,3.5712
G,7,1,,22-L,MMC_25,E240,1,TUBER-11-DDW,20,384 well plate Grainer,m9134733,plasmid,03/10/2026,50,,P6,Greiner,Premium,G1,1132,Greiner_Premium,0,200,10.5852,2117.0316
G,7,2,,22-L,MMC_25,E240,1,TUBER-11-DDW,20,384 well plate Grainer,m9229555,linear,03/10/2026,50,,P6,Greiner,Premium,G2,1053,Greiner_Premium,0,200,9.8793,1975.8588
G,7,3,,22-L,MMD_28,E240,1,TUBER-11-DDW,20,384 well plate Grainer,m9134733,plasmid,03/10/2026,50,,P6,Greiner,Economy,G3,1131,Greiner_Economy,0,200,10.5762,2115.2446
G,7,4,,22-L,MMD_28,E240,1,TUBER-11-DDW,20,384 well plate Grainer,m9229555,linear,03/10/2026,50,,P6,Greiner,Economy,G4,765,Greiner_Economy,0,200,7.306,1461.2035
G,7,5,,12-L,MMA_7,E240,1,TUBER-11-DDW,20,384 well plate Grainer,m9134733,plasmid,03/10/2026,50,,P6,Greiner,control,G5,725,Greiner_control,0,200,6.9486,1389.7236
G,7,6,,22-L,MMC_27,E240,1,TUBER-11-DDW,20,384 well plate Grainer,m9134733,plasmid,03/10/2026,50,,P6,Greiner,Ready96,G6,828,Greiner_Ready96,0,200,7.8689,1573.7843
G,7,7,,22-L,MMC_27,E240,1,TUBER-11-DDW,20,384 well plate Grainer,m9229555,linear,03/10/2026,50,,P6,Greiner,Ready96,G7,720,Greiner_Ready96,0,200,6.9039,1380.7886
G,7,8,,22-L,MMC_25,E240,1,TUBER-11-DDW,20,384 well plate Grainer,m9134733,plasmid,03/10/2026,50,,P6,Tube,Premium,G8,1477,Tube_Premium,0,200,13.6677,2733.5457
G,7,9,,22-L,MMC_25,E240,1,TUBER-11-DDW,20,384 well plate Grainer,m9134733,plasmid,03/10/2026,50,,P6,Tube,Economy,G9,1592,Tube_Economy,0,200,14.6953,2939.0504
G,7,10,,,,E240,1,TUBER-11-DDW,,384 well plate Grainer,,,03/10/2026,50,,P6,,,G10,23,,0,1,0.6763,0.6763
G,7,11,,22-L,MMC_25,E240,1,TUBER-11-DDW,20,384 well plate Grainer,m9134733,plasmid,03/10/2026,50,,P6,Greiner,Premium,G11,512,Greiner_Premium,0,400,5.0455,2018.1861
G,7,12,,22-L,MMC_25,E240,1,TUBER-11-DDW,20,384 well plate Grainer,m9229555,linear,03/10/2026,50,,P6,Greiner,Premium,G12,531,Greiner_Premium,0,400,5.2152,2086.0921
G,7,13,,22-L,MMD_28,E240,1,TUBER-11-DDW,20,384 well plate Grainer,m9134733,plasmid,03/10/2026,50,,P6,Greiner,Economy,G13,538,Greiner_Economy,0,400,5.2778,2111.11
G,7,14,,22-L,MMD_28,E240,1,TUBER-11-DDW,20,384 well plate Grainer,m9229555,linear,03/10/2026,50,,P6,Greiner,Economy,G14,360,Greiner_Economy,0,400,3.6873,1474.9389
G,7,15,,12-L,MMA_7,E240,1,TUBER-11-DDW,20,384 well plate Grainer,m9134733,plasmid,03/10/2026,50,,P6,Greiner,control,G15,345,Greiner_control,0,400,3.5533,1421.329
G,7,16,,22-L,MMC_27,E240,1,TUBER-11-DDW,20,384 well plate Grainer,m9134733,plasmid,03/10/2026,50,,P6,Greiner,Ready96,G16,392,Greiner_Ready96,0,400,3.9733,1589.3067
G,7,17,,22-L,MMC_27,E240,1,TUBER-11-DDW,20,384 well plate Grainer,m9229555,linear,03/10/2026,50,,P6,Greiner,Ready96,G17,383,Greiner_Ready96,0,400,3.8929,1557.1408
G,7,18,,22-L,MMC_25,E240,1,TUBER-11-DDW,20,384 well plate Grainer,m9134733,plasmid,03/10/2026,50,,P6,Tube,Premium,G18,708,Tube_Premium,0,400,6.7967,2718.6892
G,7,19,,22-L,MMC_25,E240,1,TUBER-11-DDW,20,384 well plate Grainer,m9134733,plasmid,03/10/2026,50,,P6,Tube,Economy,G19,682,Tube_Economy,0,400,6.5644,2625.7653
G,7,20,,,,E240,1,TUBER-11-DDW,,384 well plate Grainer,,,03/10/2026,50,,P6,,,G20,23,,0,1,0.6763,0.6763
G,7,21,spike-in,spike-in,spike-in,E240,1,TUBER-11-DDW,20,384 well plate Grainer,,spike-in,03/10/2026,50,,P6,spike-in,,G21,2925,spike-in,0,20,26.6056,532.1118
G,7,22,spike-in,spike-in,spike-in,E240,1,TUBER-11-DDW,20,384 well plate Grainer,,spike-in,03/10/2026,50,,P6,spike-in,,G22,336,spike-in,0,200,3.4729,694.5815
G,7,23,,,,E240,1,TUBER-11-DDW,,384 well plate Grainer,,,03/10/2026,50,,P6,,,G23,21,,0,1,0.6584,0.6584
G,7,24,Standard - 4,,,E240,1,TUBER-11-DDW,,384 well plate Grainer,,,03/10/2026,50,,P6,Standard - 4,,G24,851,Standard - 4,8,1,8.0744,8.0744
H,8,1,,,,E240,1,TUBER-11-DDW,,384 well plate Grainer,,,03/10/2026,50,,P6,,,H1,23,,0,1,0.6763,0.6763
H,8,2,,,,E240,1,TUBER-11-DDW,,384 well plate Grainer,,,03/10/2026,50,,P6,,,H2,24,,0,1,0.6852,0.6852
H,8,3,,,,E240,1,TUBER-11-DDW,,384 well plate Grainer,,,03/10/2026,50,,P6,,,H3,24,,0,1,0.6852,0.6852
H,8,4,,,,E240,1,TUBER-11-DDW,,384 well plate Grainer,,,03/10/2026,50,,P6,,,H4,23,,0,1,0.6763,0.6763
H,8,5,,,,E240,1,TUBER-11-DDW,,384 well plate Grainer,,,03/10/2026,50,,P6,,,H5,24,,0,1,0.6852,0.6852
H,8,6,,,,E240,1,TUBER-11-DDW,,384 well plate Grainer,,,03/10/2026,50,,P6,,,H6,23,,0,1,0.6763,0.6763
H,8,7,,,,E240,1,TUBER-11-DDW,,384 well plate Grainer,,,03/10/2026,50,,P6,,,H7,23,,0,1,0.6763,0.6763
H,8,8,,,,E240,1,TUBER-11-DDW,,384 well plate Grainer,,,03/10/2026,50,,P6,,,H8,25,,0,1,0.6941,0.6941
H,8,9,,,,E240,1,TUBER-11-DDW,,384 well plate Grainer,,,03/10/2026,50,,P6,,,H9,23,,0,1,0.6763,0.6763
H,8,10,,,,E240,1,TUBER-11-DDW,,384 well plate Grainer,,,03/10/2026,50,,P6,,,H10,20,,0,1,0.6495,0.6495
H,8,11,,,,E240,1,TUBER-11-DDW,,384 well plate Grainer,,,03/10/2026,50,,P6,,,H11,22,,0,1,0.6673,0.6673
H,8,12,,,,E240,1,TUBER-11-DDW,,384 well plate Grainer,,,03/10/2026,50,,P6,,,H12,20,,0,1,0.6495,0.6495
H,8,13,,,,E240,1,TUBER-11-DDW,,384 well plate Grainer,,,03/10/2026,50,,P6,,,H13,22,,0,1,0.6673,0.6673
H,8,14,,,,E240,1,TUBER-11-DDW,,384 well plate Grainer,,,03/10/2026,50,,P6,,,H14,22,,0,1,0.6673,0.6673
H,8,15,,,,E240,1,TUBER-11-DDW,,384 well plate Grainer,,,03/10/2026,50,,P6,,,H15,21,,0,1,0.6584,0.6584
H,8,16,,,,E240,1,TUBER-11-DDW,,384 well plate Grainer,,,03/10/2026,50,,P6,,,H16,21,,0,1,0.6584,0.6584
H,8,17,,,,E240,1,TUBER-11-DDW,,384 well plate Grainer,,,03/10/2026,50,,P6,,,H17,23,,0,1,0.6763,0.6763
H,8,18,,,,E240,1,TUBER-11-DDW,,384 well plate Grainer,,,03/10/2026,50,,P6,,,H18,22,,0,1,0.6673,0.6673
H,8,19,,,,E240,1,TUBER-11-DDW,,384 well plate Grainer,,,03/10/2026,50,,P6,,,H19,23,,0,1,0.6763,0.6763
H,8,20,,,,E240,1,TUBER-11-DDW,,384 well plate Grainer,,,03/10/2026,50,,P6,,,H20,22,,0,1,0.6673,0.6673
H,8,21,,,,E240,1,TUBER-11-DDW,,384 well plate Grainer,,,03/10/2026,50,,P6,,,H21,22,,0,1,0.6673,0.6673
H,8,22,,,,E240,1,TUBER-11-DDW,,384 well plate Grainer,,,03/10/2026,50,,P6,,,H22,22,,0,1,0.6673,0.6673
H,8,23,,,,E240,1,TUBER-11-DDW,,384 well plate Grainer,,,03/10/2026,50,,P6,,,H23,23,,0,1,0.6763,0.6763
H,8,24,Standard - 4,,,E240,1,TUBER-11-DDW,,384 well plate Grainer,,,03/10/2026,50,,P6,Standard - 4,,H24,804,Standard - 4,8,1,7.6545,7.6545
I,9,1,,22-L,MMC_25,E240,1,TUBER-11-DDW,20,384 well plate Grainer,m9134733,plasmid,03/10/2026,50,,P6,Greiner,Premium,I1,1093,Greiner_Premium,0,200,10.2367,2047.3387
I,9,2,,22-L,MMC_25,E240,1,TUBER-11-DDW,20,384 well plate Grainer,m9229555,linear,03/10/2026,50,,P6,Greiner,Premium,I2,1002,Greiner_Premium,0,200,9.4236,1884.7219
I,9,3,,22-L,MMD_28,E240,1,TUBER-11-DDW,20,384 well plate Grainer,m9134733,plasmid,03/10/2026,50,,P6,Greiner,Economy,I3,1533,Greiner_Economy,0,200,14.1681,2833.6176
I,9,4,,22-L,MMD_28,E240,1,TUBER-11-DDW,20,384 well plate Grainer,m9229555,linear,03/10/2026,50,,P6,Greiner,Economy,I4,701,Greiner_Economy,0,200,6.7342,1346.8356
I,9,5,,12-L,MMA_7,E240,1,TUBER-11-DDW,20,384 well plate Grainer,m9229555,linear,03/10/2026,50,,P6,Greiner,control,I5,698,Greiner_control,0,200,6.7074,1341.4746
I,9,6,,22-L,MMC_27,E240,1,TUBER-11-DDW,20,384 well plate Grainer,m9134733,plasmid,03/10/2026,50,,P6,Greiner,Ready96,I6,800,Greiner_Ready96,0,200,7.6187,1523.7484
I,9,7,,22-L,MMC_27,E240,1,TUBER-11-DDW,20,384 well plate Grainer,m9229555,linear,03/10/2026,50,,P6,Greiner,Ready96,I7,730,Greiner_Ready96,0,200,6.9933,1398.6585
I,9,8,,22-L,MMC_25,E240,1,TUBER-11-DDW,20,384 well plate Grainer,m9229555,linear,03/10/2026,50,,P6,Tube,Premium,I8,1175,Tube_Premium,0,200,10.9694,2193.8725
I,9,9,,22-L,MMC_25,E240,1,TUBER-11-DDW,20,384 well plate Grainer,m9229555,linear,03/10/2026,50,,P6,Tube,Economy,I9,917,Tube_Economy,0,200,8.6641,1732.8271
I,9,10,,,,E240,1,TUBER-11-DDW,,384 well plate Grainer,,,03/10/2026,50,,P6,,,I10,22,,0,1,0.6673,0.6673
I,9,11,,22-L,MMC_25,E240,1,TUBER-11-DDW,20,384 well plate Grainer,m9134733,plasmid,03/10/2026,50,,P6,Greiner,Premium,I11,520,Greiner_Premium,0,400,5.1169,2046.7781
I,9,12,,22-L,MMC_25,E240,1,TUBER-11-DDW,20,384 well plate Grainer,m9229555,linear,03/10/2026,50,,P6,Greiner,Premium,I12,506,Greiner_Premium,0,400,4.9919,1996.7422
I,9,13,,22-L,MMD_28,E240,1,TUBER-11-DDW,20,384 well plate Grainer,m9134733,plasmid,03/10/2026,50,,P6,Greiner,Economy,I13,749,Greiner_Economy,0,400,7.1631,2865.223
I,9,14,,22-L,MMD_28,E240,1,TUBER-11-DDW,20,384 well plate Grainer,m9229555,linear,03/10/2026,50,,P6,Greiner,Economy,I14,362,Greiner_Economy,0,400,3.7052,1482.0869
I,9,15,,12-L,MMA_7,E240,1,TUBER-11-DDW,20,384 well plate Grainer,m9229555,linear,03/10/2026,50,,P6,Greiner,control,I15,324,Greiner_control,0,400,3.3657,1346.2751
I,9,16,,22-L,MMC_27,E240,1,TUBER-11-DDW,20,384 well plate Grainer,m9134733,plasmid,03/10/2026,50,,P6,Greiner,Ready96,I16,372,Greiner_Ready96,0,400,3.7946,1517.8268
I,9,17,,22-L,MMC_27,E240,1,TUBER-11-DDW,20,384 well plate Grainer,m9229555,linear,03/10/2026,50,,P6,Greiner,Ready96,I17,359,Greiner_Ready96,0,400,3.6784,1471.3649
I,9,18,,22-L,MMC_25,E240,1,TUBER-11-DDW,20,384 well plate Grainer,m9229555,linear,03/10/2026,50,,P6,Tube,Premium,I18,583,Tube_Premium,0,400,5.6798,2271.9398
I,9,19,,22-L,MMC_25,E240,1,TUBER-11-DDW,20,384 well plate Grainer,m9229555,linear,03/10/2026,50,,P6,Tube,Economy,I19,428,Tube_Economy,0,400,4.2949,1717.9706
I,9,20,,,,E240,1,TUBER-11-DDW,,384 well plate Grainer,,,03/10/2026,50,,P6,,,I20,22,,0,1,0.6673,0.6673
I,9,21,spike-in,spike-in,spike-in,E240,1,TUBER-11-DDW,20,384 well plate Grainer,,spike-in,03/10/2026,50,,P6,spike-in,,I21,589,spike-in,0,100,5.7335,573.3459
I,9,22,spike-in,spike-in,spike-in,E240,1,TUBER-11-DDW,20,384 well plate Grainer,,spike-in,03/10/2026,50,,P6,spike-in,,I22,144,spike-in,0,400,1.7574,702.9559
I,9,23,,,,E240,1,TUBER-11-DDW,,384 well plate Grainer,,,03/10/2026,50,,P6,,,I23,23,,0,1,0.6763,0.6763
I,9,24,Standard - 5,,,E240,1,TUBER-11-DDW,,384 well plate Grainer,,,03/10/2026,50,,P6,Standard - 5,,I24,1723,Standard - 5,16,1,15.8657,15.8657
J,10,1,,,,E240,1,TUBER-11-DDW,,384 well plate Grainer,,,03/10/2026,50,,P6,,,J1,23,,0,1,0.6763,0.6763
J,10,2,,,,E240,1,TUBER-11-DDW,,384 well plate Grainer,,,03/10/2026,50,,P6,,,J2,23,,0,1,0.6763,0.6763
J,10,3,,,,E240,1,TUBER-11-DDW,,384 well plate Grainer,,,03/10/2026,50,,P6,,,J3,25,,0,1,0.6941,0.6941
J,10,4,,,,E240,1,TUBER-11-DDW,,384 well plate Grainer,,,03/10/2026,50,,P6,,,J4,22,,0,1,0.6673,0.6673
J,10,5,,,,E240,1,TUBER-11-DDW,,384 well plate Grainer,,,03/10/2026,50,,P6,,,J5,21,,0,1,0.6584,0.6584
J,10,6,,,,E240,1,TUBER-11-DDW,,384 well plate Grainer,,,03/10/2026,50,,P6,,,J6,22,,0,1,0.6673,0.6673
J,10,7,,,,E240,1,TUBER-11-DDW,,384 well plate Grainer,,,03/10/2026,50,,P6,,,J7,24,,0,1,0.6852,0.6852
J,10,8,,,,E240,1,TUBER-11-DDW,,384 well plate Grainer,,,03/10/2026,50,,P6,,,J8,23,,0,1,0.6763,0.6763
J,10,9,,,,E240,1,TUBER-11-DDW,,384 well plate Grainer,,,03/10/2026,50,,P6,,,J9,23,,0,1,0.6763,0.6763
J,10,10,,,,E240,1,TUBER-11-DDW,,384 well plate Grainer,,,03/10/2026,50,,P6,,,J10,21,,0,1,0.6584,0.6584
J,10,11,,,,E240,1,TUBER-11-DDW,,384 well plate Grainer,,,03/10/2026,50,,P6,,,J11,22,,0,1,0.6673,0.6673
J,10,12,,,,E240,1,TUBER-11-DDW,,384 well plate Grainer,,,03/10/2026,50,,P6,,,J12,24,,0,1,0.6852,0.6852
J,10,13,,,,E240,1,TUBER-11-DDW,,384 well plate Grainer,,,03/10/2026,50,,P6,,,J13,24,,0,1,0.6852,0.6852
J,10,14,,,,E240,1,TUBER-11-DDW,,384 well plate Grainer,,,03/10/2026,50,,P6,,,J14,23,,0,1,0.6763,0.6763
J,10,15,,,,E240,1,TUBER-11-DDW,,384 well plate Grainer,,,03/10/2026,50,,P6,,,J15,21,,0,1,0.6584,0.6584
J,10,16,,,,E240,1,TUBER-11-DDW,,384 well plate Grainer,,,03/10/2026,50,,P6,,,J16,23,,0,1,0.6763,0.6763
J,10,17,,,,E240,1,TUBER-11-DDW,,384 well plate Grainer,,,03/10/2026,50,,P6,,,J17,23,,0,1,0.6763,0.6763
J,10,18,,,,E240,1,TUBER-11-DDW,,384 well plate Grainer,,,03/10/2026,50,,P6,,,J18,23,,0,1,0.6763,0.6763
J,10,19,,,,E240,1,TUBER-11-DDW,,384 well plate Grainer,,,03/10/2026,50,,P6,,,J19,22,,0,1,0.6673,0.6673
J,10,20,,,,E240,1,TUBER-11-DDW,,384 well plate Grainer,,,03/10/2026,50,,P6,,,J20,22,,0,1,0.6673,0.6673
J,10,21,,,,E240,1,TUBER-11-DDW,,384 well plate Grainer,,,03/10/2026,50,,P6,,,J21,22,,0,1,0.6673,0.6673
J,10,22,,,,E240,1,TUBER-11-DDW,,384 well plate Grainer,,,03/10/2026,50,,P6,,,J22,22,,0,1,0.6673,0.6673
J,10,23,,,,E240,1,TUBER-11-DDW,,384 well plate Grainer,,,03/10/2026,50,,P6,,,J23,22,,0,1,0.6673,0.6673
J,10,24,Standard - 5,,,E240,1,TUBER-11-DDW,,384 well plate Grainer,,,03/10/2026,50,,P6,Standard - 5,,J24,1657,Standard - 5,16,1,15.276,15.276
K,11,1,,22-L,MMC_25,E240,1,TUBER-11-DDW,20,384 well plate Grainer,m9134733,plasmid,03/10/2026,50,,P6,Greiner,Premium,K1,1161,Greiner_Premium,0,200,10.8443,2168.8545
K,11,2,,22-L,MMC_25,E240,1,TUBER-11-DDW,20,384 well plate Grainer,m9229555,linear,03/10/2026,50,,P6,Greiner,Premium,K2,1074,Greiner_Premium,0,200,10.0669,2013.3857
K,11,3,,22-L,MMD_28,E240,1,TUBER-11-DDW,20,384 well plate Grainer,m9134733,plasmid,03/10/2026,50,,P6,Greiner,Economy,K3,1169,Greiner_Economy,0,200,10.9158,2183.1505
K,11,4,,22-L,MMD_28,E240,1,TUBER-11-DDW,20,384 well plate Grainer,m9229555,linear,03/10/2026,50,,P6,Greiner,Economy,K4,778,Greiner_Economy,0,200,7.4222,1484.4344
K,11,5,,12-L,MMA_7,E240,1,TUBER-11-DDW,20,384 well plate Grainer,m9229555,linear,03/10/2026,50,,P6,Greiner,control,K5,762,Greiner_control,0,200,7.2792,1455.8425
K,11,6,,22-L,MMC_27,E240,1,TUBER-11-DDW,20,384 well plate Grainer,m9134733,plasmid,03/10/2026,50,,P6,Greiner,Ready96,K6,888,Greiner_Ready96,0,200,8.405,1681.0042
K,11,7,,22-L,MMC_27,E240,1,TUBER-11-DDW,20,384 well plate Grainer,m9229555,linear,03/10/2026,50,,P6,Greiner,Ready96,K7,750,Greiner_Ready96,0,200,7.172,1434.3985
K,11,8,,22-L,MMC_25,E240,1,TUBER-11-DDW,20,384 well plate Grainer,m9229555,linear,03/10/2026,50,,P6,Tube,Premium,K8,1268,Tube_Premium,0,200,11.8003,2360.0632
K,11,9,,22-L,MMC_25,E240,1,TUBER-11-DDW,20,384 well plate Grainer,m9229555,linear,03/10/2026,50,,P6,Tube,Economy,K9,1105,Tube_Economy,0,200,10.3439,2068.7826
K,11,10,,,,E240,1,TUBER-11-DDW,,384 well plate Grainer,,,03/10/2026,50,,P6,,,K10,24,,0,1,0.6852,0.6852
K,11,11,,22-L,MMC_25,E240,1,TUBER-11-DDW,20,384 well plate Grainer,m9134733,plasmid,03/10/2026,50,,P6,Greiner,Premium,K11,534,Greiner_Premium,0,400,5.242,2096.814
K,11,12,,22-L,MMC_25,E240,1,TUBER-11-DDW,20,384 well plate Grainer,m9229555,linear,03/10/2026,50,,P6,Greiner,Premium,K12,538,Greiner_Premium,0,400,5.2778,2111.11
K,11,13,,22-L,MMD_28,E240,1,TUBER-11-DDW,20,384 well plate Grainer,m9134733,plasmid,03/10/2026,50,,P6,Greiner,Economy,K13,541,Greiner_Economy,0,400,5.3046,2121.832
K,11,14,,22-L,MMD_28,E240,1,TUBER-11-DDW,20,384 well plate Grainer,m9229555,linear,03/10/2026,50,,P6,Greiner,Economy,K14,372,Greiner_Economy,0,400,3.7946,1517.8268
K,11,15,,12-L,MMA_7,E240,1,TUBER-11-DDW,20,384 well plate Grainer,m9229555,linear,03/10/2026,50,,P6,Greiner,control,K15,362,Greiner_control,0,400,3.7052,1482.0869
K,11,16,,22-L,MMC_27,E240,1,TUBER-11-DDW,20,384 well plate Grainer,m9134733,plasmid,03/10/2026,50,,P6,Greiner,Ready96,K16,417,Greiner_Ready96,0,400,4.1966,1678.6566
K,11,17,,22-L,MMC_27,E240,1,TUBER-11-DDW,20,384 well plate Grainer,m9229555,linear,03/10/2026,50,,P6,Greiner,Ready96,K17,370,Greiner_Ready96,0,400,3.7767,1510.6788
K,11,18,,22-L,MMC_25,E240,1,TUBER-11-DDW,20,384 well plate Grainer,m9229555,linear,03/10/2026,50,,P6,Tube,Premium,K18,595,Tube_Premium,0,400,5.7871,2314.8277
K,11,19,,22-L,MMC_25,E240,1,TUBER-11-DDW,20,384 well plate Grainer,m9229555,linear,03/10/2026,50,,P6,Tube,Economy,K19,493,Tube_Economy,0,400,4.8757,1950.2802
K,11,20,,,,E240,1,TUBER-11-DDW,,384 well plate Grainer,,,03/10/2026,50,,P6,,,K20,22,,0,1,0.6673,0.6673
K,11,21,spike-in,spike-in,spike-in,E240,1,TUBER-11-DDW,20,384 well plate Grainer,,spike-in,03/10/2026,50,,P6,spike-in,,K21,630,spike-in,0,100,6.0998,609.9794
K,11,22,spike-in,spike-in,spike-in,E240,1,TUBER-11-DDW,20,384 well plate Grainer,,spike-in,03/10/2026,50,,P6,spike-in,,K22,146,spike-in,0,400,1.7753,710.1039
K,11,23,,,,E240,1,TUBER-11-DDW,,384 well plate Grainer,,,03/10/2026,50,,P6,,,K23,23,,0,1,0.6763,0.6763
K,11,24,Standard - 6,,,E240,1,TUBER-11-DDW,,384 well plate Grainer,,,03/10/2026,50,,P6,Standard - 6,,K24,3490,Standard - 6,32,1,31.6539,31.6539
L,12,1,,,,E240,1,TUBER-11-DDW,,384 well plate Grainer,,,03/10/2026,50,,P6,,,L1,24,,0,1,0.6852,0.6852
L,12,2,,,,E240,1,TUBER-11-DDW,,384 well plate Grainer,,,03/10/2026,50,,P6,,,L2,23,,0,1,0.6763,0.6763
L,12,3,,,,E240,1,TUBER-11-DDW,,384 well plate Grainer,,,03/10/2026,50,,P6,,,L3,23,,0,1,0.6763,0.6763
L,12,4,,,,E240,1,TUBER-11-DDW,,384 well plate Grainer,,,03/10/2026,50,,P6,,,L4,24,,0,1,0.6852,0.6852
L,12,5,,,,E240,1,TUBER-11-DDW,,384 well plate Grainer,,,03/10/2026,50,,P6,,,L5,23,,0,1,0.6763,0.6763
L,12,6,,,,E240,1,TUBER-11-DDW,,384 well plate Grainer,,,03/10/2026,50,,P6,,,L6,23,,0,1,0.6763,0.6763
L,12,7,,,,E240,1,TUBER-11-DDW,,384 well plate Grainer,,,03/10/2026,50,,P6,,,L7,23,,0,1,0.6763,0.6763
L,12,8,,,,E240,1,TUBER-11-DDW,,384 well plate Grainer,,,03/10/2026,50,,P6,,,L8,23,,0,1,0.6763,0.6763
L,12,9,,,,E240,1,TUBER-11-DDW,,384 well plate Grainer,,,03/10/2026,50,,P6,,,L9,23,,0,1,0.6763,0.6763
L,12,10,,,,E240,1,TUBER-11-DDW,,384 well plate Grainer,,,03/10/2026,50,,P6,,,L10,22,,0,1,0.6673,0.6673
L,12,11,,,,E240,1,TUBER-11-DDW,,384 well plate Grainer,,,03/10/2026,50,,P6,,,L11,23,,0,1,0.6763,0.6763
L,12,12,,,,E240,1,TUBER-11-DDW,,384 well plate Grainer,,,03/10/2026,50,,P6,,,L12,23,,0,1,0.6763,0.6763
L,12,13,,,,E240,1,TUBER-11-DDW,,384 well plate Grainer,,,03/10/2026,50,,P6,,,L13,23,,0,1,0.6763,0.6763
L,12,14,,,,E240,1,TUBER-11-DDW,,384 well plate Grainer,,,03/10/2026,50,,P6,,,L14,23,,0,1,0.6763,0.6763
L,12,15,,,,E240,1,TUBER-11-DDW,,384 well plate Grainer,,,03/10/2026,50,,P6,,,L15,23,,0,1,0.6763,0.6763
L,12,16,,,,E240,1,TUBER-11-DDW,,384 well plate Grainer,,,03/10/2026,50,,P6,,,L16,23,,0,1,0.6763,0.6763
L,12,17,,,,E240,1,TUBER-11-DDW,,384 well plate Grainer,,,03/10/2026,50,,P6,,,L17,23,,0,1,0.6763,0.6763
L,12,18,,,,E240,1,TUBER-11-DDW,,384 well plate Grainer,,,03/10/2026,50,,P6,,,L18,23,,0,1,0.6763,0.6763
L,12,19,,,,E240,1,TUBER-11-DDW,,384 well plate Grainer,,,03/10/2026,50,,P6,,,L19,23,,0,1,0.6763,0.6763
L,12,20,,,,E240,1,TUBER-11-DDW,,384 well plate Grainer,,,03/10/2026,50,,P6,,,L20,23,,0,1,0.6763,0.6763
L,12,21,,,,E240,1,TUBER-11-DDW,,384 well plate Grainer,,,03/10/2026,50,,P6,,,L21,23,,0,1,0.6763,0.6763
L,12,22,,,,E240,1,TUBER-11-DDW,,384 well plate Grainer,,,03/10/2026,50,,P6,,,L22,23,,0,1,0.6763,0.6763
L,12,23,,,,E240,1,TUBER-11-DDW,,384 well plate Grainer,,,03/10/2026,50,,P6,,,L23,22,,0,1,0.6673,0.6673
L,12,24,Standard - 6,,,E240,1,TUBER-11-DDW,,384 well plate Grainer,,,03/10/2026,50,,P6,Standard - 6,,L24,3601,Standard - 6,32,1,32.6456,32.6456
M,13,1,,22-L,MMC_25,E240,1,TUBER-11-DDW,20,384 well plate Grainer,m9134733,plasmid,03/10/2026,50,,P6,Greiner,Premium,M1,1266,Greiner_Premium,0,200,11.7824,2356.4892
M,13,2,,22-L,MMC_25,E240,1,TUBER-11-DDW,20,384 well plate Grainer,m9229555,linear,03/10/2026,50,,P6,Greiner,Premium,M2,1098,Greiner_Premium,0,200,10.2814,2056.2736
M,13,3,,22-L,MMD_28,E240,1,TUBER-11-DDW,20,384 well plate Grainer,m9134733,plasmid,03/10/2026,50,,P6,Greiner,Economy,M3,1110,Greiner_Economy,0,200,10.3886,2077.7176
M,13,4,,22-L,MMD_28,E240,1,TUBER-11-DDW,20,384 well plate Grainer,m9229555,linear,03/10/2026,50,,P6,Greiner,Economy,M4,790,Greiner_Economy,0,200,7.5294,1505.8784
M,13,5,,12-L,MMA_7,E240,1,TUBER-11-DDW,20,384 well plate Grainer,m9229555,linear,03/10/2026,50,,P6,Greiner,control,M5,729,Greiner_control,0,200,6.9844,1396.8715
M,13,6,,22-L,MMC_27,E240,1,TUBER-11-DDW,20,384 well plate Grainer,m9134733,plasmid,03/10/2026,50,,P6,Greiner,Ready96,M6,848,Greiner_Ready96,0,200,8.0476,1609.5243
M,13,7,,22-L,MMC_27,E240,1,TUBER-11-DDW,20,384 well plate Grainer,m9229555,linear,03/10/2026,50,,P6,Greiner,Ready96,M7,751,Greiner_Ready96,0,200,7.1809,1436.1855
M,13,8,,22-L,MMC_25,E240,1,TUBER-11-DDW,20,384 well plate Grainer,m9229555,linear,03/10/2026,50,,P6,Tube,Premium,M8,1366,Tube_Premium,0,200,12.6759,2535.189
M,13,9,,22-L,MMC_25,E240,1,TUBER-11-DDW,20,384 well plate Grainer,m9229555,linear,03/10/2026,50,,P6,Tube,Economy,M9,991,Tube_Economy,0,200,9.3253,1865.0649
M,13,10,,,,E240,1,TUBER-11-DDW,,384 well plate Grainer,,,03/10/2026,50,,P6,,,M10,24,,0,1,0.6852,0.6852
M,13,11,,22-L,MMC_25,E240,1,TUBER-11-DDW,20,384 well plate Grainer,m9134733,plasmid,03/10/2026,50,,P6,Greiner,Premium,M11,580,Greiner_Premium,0,400,5.653,2261.2178
M,13,12,,22-L,MMC_25,E240,1,TUBER-11-DDW,20,384 well plate Grainer,m9229555,linear,03/10/2026,50,,P6,Greiner,Premium,M12,541,Greiner_Premium,0,400,5.3046,2121.832
M,13,13,,22-L,MMD_28,E240,1,TUBER-11-DDW,20,384 well plate Grainer,m9134733,plasmid,03/10/2026,50,,P6,Greiner,Economy,M13,534,Greiner_Economy,0,400,5.242,2096.814
M,13,14,,22-L,MMD_28,E240,1,TUBER-11-DDW,20,384 well plate Grainer,m9229555,linear,03/10/2026,50,,P6,Greiner,Economy,M14,387,Greiner_Economy,0,400,3.9286,1571.4368
M,13,15,,12-L,MMA_7,E240,1,TUBER-11-DDW,20,384 well plate Grainer,m9229555,linear,03/10/2026,50,,P6,Greiner,control,M15,354,Greiner_control,0,400,3.6337,1453.4949
M,13,16,,22-L,MMC_27,E240,1,TUBER-11-DDW,20,384 well plate Grainer,m9134733,plasmid,03/10/2026,50,,P6,Greiner,Ready96,M16,384,Greiner_Ready96,0,400,3.9018,1560.7148
M,13,17,,22-L,MMC_27,E240,1,TUBER-11-DDW,20,384 well plate Grainer,m9229555,linear,03/10/2026,50,,P6,Greiner,Ready96,M17,374,Greiner_Ready96,0,400,3.8124,1524.9748
M,13,18,,22-L,MMC_25,E240,1,TUBER-11-DDW,20,384 well plate Grainer,m9229555,linear,03/10/2026,50,,P6,Tube,Premium,M18,638,Tube_Premium,0,400,6.1713,2468.5095
M,13,19,,22-L,MMC_25,E240,1,TUBER-11-DDW,20,384 well plate Grainer,m9229555,linear,03/10/2026,50,,P6,Tube,Economy,M19,447,Tube_Economy,0,400,4.4647,1785.8765
M,13,20,,,,E240,1,TUBER-11-DDW,,384 well plate Grainer,,,03/10/2026,50,,P6,,,M20,23,,0,1,0.6763,0.6763
M,13,21,spike-in,spike-in,spike-in,E240,1,TUBER-11-DDW,20,384 well plate Grainer,,spike-in,03/10/2026,50,,P6,spike-in,,M21,651,spike-in,0,100,6.2874,628.7429
M,13,22,spike-in,spike-in,spike-in,E240,1,TUBER-11-DDW,20,384 well plate Grainer,,spike-in,03/10/2026,50,,P6,spike-in,,M22,157,spike-in,0,400,1.8735,749.4179
M,13,23,,,,E240,1,TUBER-11-DDW,,384 well plate Grainer,,,03/10/2026,50,,P6,,,M23,22,,0,1,0.6673,0.6673
M,13,24,Standard - 7,,,E240,1,TUBER-11-DDW,,384 well plate Grainer,,,03/10/2026,50,,P6,Standard - 7,,M24,7227,Standard - 7,64,1,65.0439,65.0439
N,14,1,,,,E240,1,TUBER-11-DDW,,384 well plate Grainer,,,03/10/2026,50,,P6,,,N1,24,,0,1,0.6852,0.6852
N,14,2,,,,E240,1,TUBER-11-DDW,,384 well plate Grainer,,,03/10/2026,50,,P6,,,N2,23,,0,1,0.6763,0.6763
N,14,3,,,,E240,1,TUBER-11-DDW,,384 well plate Grainer,,,03/10/2026,50,,P6,,,N3,23,,0,1,0.6763,0.6763
N,14,4,,,,E240,1,TUBER-11-DDW,,384 well plate Grainer,,,03/10/2026,50,,P6,,,N4,23,,0,1,0.6763,0.6763
N,14,5,,,,E240,1,TUBER-11-DDW,,384 well plate Grainer,,,03/10/2026,50,,P6,,,N5,22,,0,1,0.6673,0.6673
N,14,6,,,,E240,1,TUBER-11-DDW,,384 well plate Grainer,,,03/10/2026,50,,P6,,,N6,23,,0,1,0.6763,0.6763
N,14,7,,,,E240,1,TUBER-11-DDW,,384 well plate Grainer,,,03/10/2026,50,,P6,,,N7,23,,0,1,0.6763,0.6763
N,14,8,,,,E240,1,TUBER-11-DDW,,384 well plate Grainer,,,03/10/2026,50,,P6,,,N8,22,,0,1,0.6673,0.6673
N,14,9,,,,E240,1,TUBER-11-DDW,,384 well plate Grainer,,,03/10/2026,50,,P6,,,N9,23,,0,1,0.6763,0.6763
N,14,10,,,,E240,1,TUBER-11-DDW,,384 well plate Grainer,,,03/10/2026,50,,P6,,,N10,23,,0,1,0.6763,0.6763
N,14,11,,,,E240,1,TUBER-11-DDW,,384 well plate Grainer,,,03/10/2026,50,,P6,,,N11,23,,0,1,0.6763,0.6763
N,14,12,,,,E240,1,TUBER-11-DDW,,384 well plate Grainer,,,03/10/2026,50,,P6,,,N12,23,,0,1,0.6763,0.6763
N,14,13,,,,E240,1,TUBER-11-DDW,,384 well plate Grainer,,,03/10/2026,50,,P6,,,N13,23,,0,1,0.6763,0.6763
N,14,14,,,,E240,1,TUBER-11-DDW,,384 well plate Grainer,,,03/10/2026,50,,P6,,,N14,23,,0,1,0.6763,0.6763
N,14,15,,,,E240,1,TUBER-11-DDW,,384 well plate Grainer,,,03/10/2026,50,,P6,,,N15,23,,0,1,0.6763,0.6763
N,14,16,,,,E240,1,TUBER-11-DDW,,384 well plate Grainer,,,03/10/2026,50,,P6,,,N16,24,,0,1,0.6852,0.6852
N,14,17,,,,E240,1,TUBER-11-DDW,,384 well plate Grainer,,,03/10/2026,50,,P6,,,N17,22,,0,1,0.6673,0.6673
N,14,18,,,,E240,1,TUBER-11-DDW,,384 well plate Grainer,,,03/10/2026,50,,P6,,,N18,23,,0,1,0.6763,0.6763
N,14,19,,,,E240,1,TUBER-11-DDW,,384 well plate Grainer,,,03/10/2026,50,,P6,,,N19,23,,0,1,0.6763,0.6763
N,14,20,,,,E240,1,TUBER-11-DDW,,384 well plate Grainer,,,03/10/2026,50,,P6,,,N20,24,,0,1,0.6852,0.6852
N,14,21,,,,E240,1,TUBER-11-DDW,,384 well plate Grainer,,,03/10/2026,50,,P6,,,N21,22,,0,1,0.6673,0.6673
N,14,22,,,,E240,1,TUBER-11-DDW,,384 well plate Grainer,,,03/10/2026,50,,P6,,,N22,22,,0,1,0.6673,0.6673
N,14,23,,,,E240,1,TUBER-11-DDW,,384 well plate Grainer,,,03/10/2026,50,,P6,,,N23,23,,0,1,0.6763,0.6763
N,14,24,Standard - 7,,,E240,1,TUBER-11-DDW,,384 well plate Grainer,,,03/10/2026,50,,P6,Standard - 7,,N24,7141,Standard - 7,64,1,64.2755,64.2755
O,15,1,,,,E240,1,TUBER-11-DDW,,384 well plate Grainer,,,03/10/2026,50,,P6,,,O1,22,,0,1,0.6673,0.6673
O,15,2,,22-L,MMC_25,E240,1,TUBER-11-DDW,20,384 well plate Grainer,m9229555,linear,03/10/2026,50,,P6,Greiner,Premium,O2,1167,Greiner_Premium,0,200,10.8979,2179.5765
O,15,3,,22-L,MMD_28,E240,1,TUBER-11-DDW,20,384 well plate Grainer,m9134733,plasmid,03/10/2026,50,,P6,Greiner,Economy,O3,1269,Greiner_Economy,0,200,11.8093,2361.8502
O,15,4,,22-L,MMD_28,E240,1,TUBER-11-DDW,20,384 well plate Grainer,m9229555,linear,03/10/2026,50,,P6,Greiner,Economy,O4,808,Greiner_Economy,0,200,7.6902,1538.0444
O,15,5,,12-L,MMA_7,E240,1,TUBER-11-DDW,20,384 well plate Grainer,m9229555,linear,03/10/2026,50,,P6,Greiner,control,O5,735,Greiner_control,0,200,7.038,1407.5935
O,15,6,,22-L,MMC_27,E240,1,TUBER-11-DDW,20,384 well plate Grainer,m9134733,plasmid,03/10/2026,50,,P6,Greiner,Ready96,O6,901,Greiner_Ready96,0,200,8.5212,1704.2351
O,15,7,,22-L,MMC_27,E240,1,TUBER-11-DDW,20,384 well plate Grainer,m9229555,linear,03/10/2026,50,,P6,Greiner,Ready96,O7,808,Greiner_Ready96,0,200,7.6902,1538.0444
O,15,8,,22-L,MMC_25,E240,1,TUBER-11-DDW,20,384 well plate Grainer,m9229555,linear,03/10/2026,50,,P6,Tube,Premium,O8,1403,Tube_Premium,0,200,13.0065,2601.3079
O,15,9,,22-L,MMC_25,E240,1,TUBER-11-DDW,20,384 well plate Grainer,m9229555,linear,03/10/2026,50,,P6,Tube,Economy,O9,1090,Tube_Economy,0,200,10.2099,2041.9777
O,15,10,,,,E240,1,TUBER-11-DDW,,384 well plate Grainer,,,03/10/2026,50,,P6,,,O10,23,,0,1,0.6763,0.6763
O,15,11,,,,E240,1,TUBER-11-DDW,,384 well plate Grainer,,,03/10/2026,50,,P6,,,O11,21,,0,1,0.6584,0.6584
O,15,12,,22-L,MMC_25,E240,1,TUBER-11-DDW,20,384 well plate Grainer,m9229555,linear,03/10/2026,50,,P6,Greiner,Premium,O12,593,Greiner_Premium,0,400,5.7692,2307.6798
O,15,13,,22-L,MMD_28,E240,1,TUBER-11-DDW,20,384 well plate Grainer,m9134733,plasmid,03/10/2026,50,,P6,Greiner,Economy,O13,618,Greiner_Economy,0,400,5.9926,2397.0296
O,15,14,,22-L,MMD_28,E240,1,TUBER-11-DDW,20,384 well plate Grainer,m9229555,linear,03/10/2026,50,,P6,Greiner,Economy,O14,410,Greiner_Economy,0,400,4.1341,1653.6386
O,15,15,,12-L,MMA_7,E240,1,TUBER-11-DDW,20,384 well plate Grainer,m9229555,linear,03/10/2026,50,,P6,Greiner,control,O15,365,Greiner_control,0,400,3.732,1492.8089
O,15,16,,22-L,MMC_27,E240,1,TUBER-11-DDW,20,384 well plate Grainer,m9134733,plasmid,03/10/2026,50,,P6,Greiner,Ready96,O16,409,Greiner_Ready96,0,400,4.1252,1650.0647
O,15,17,,22-L,MMC_27,E240,1,TUBER-11-DDW,20,384 well plate Grainer,m9229555,linear,03/10/2026,50,,P6,Greiner,Ready96,O17,403,Greiner_Ready96,0,400,4.0716,1628.6207
O,15,18,,22-L,MMC_25,E240,1,TUBER-11-DDW,20,384 well plate Grainer,m9229555,linear,03/10/2026,50,,P6,Tube,Premium,O18,673,Tube_Premium,0,400,6.484,2593.5994
O,15,19,,22-L,MMC_25,E240,1,TUBER-11-DDW,20,384 well plate Grainer,m9229555,linear,03/10/2026,50,,P6,Tube,Economy,O19,507,Tube_Economy,0,400,5.0008,2000.3162
O,15,20,,,,E240,1,TUBER-11-DDW,,384 well plate Grainer,,,03/10/2026,50,,P6,,,O20,23,,0,1,0.6763,0.6763
O,15,21,spike-in,spike-in,spike-in,E240,1,TUBER-11-DDW,20,384 well plate Grainer,,spike-in,03/10/2026,50,,P6,spike-in,,O21,659,spike-in,0,100,6.3589,635.8909
O,15,22,spike-in,spike-in,spike-in,E240,1,TUBER-11-DDW,20,384 well plate Grainer,,spike-in,03/10/2026,50,,P6,spike-in,,O22,162,spike-in,0,400,1.9182,767.2879
O,15,23,,,,E240,1,TUBER-11-DDW,,384 well plate Grainer,,,03/10/2026,50,,P6,,,O23,22,,0,1,0.6673,0.6673
O,15,24,Standard - 8,,,E240,1,TUBER-11-DDW,,384 well plate Grainer,,,03/10/2026,50,,P6,Standard - 8,,O24,14064,Standard - 8,128,1,126.1324,126.1324
P,16,1,,,,E240,1,TUBER-11-DDW,,384 well plate Grainer,,,03/10/2026,50,,P6,,,P1,23,,0,1,0.6763,0.6763
P,16,2,,,,E240,1,TUBER-11-DDW,,384 well plate Grainer,,,03/10/2026,50,,P6,,,P2,23,,0,1,0.6763,0.6763
P,16,3,,,,E240,1,TUBER-11-DDW,,384 well plate Grainer,,,03/10/2026,50,,P6,,,P3,23,,0,1,0.6763,0.6763
P,16,4,,,,E240,1,TUBER-11-DDW,,384 well plate Grainer,,,03/10/2026,50,,P6,,,P4,23,,0,1,0.6763,0.6763
P,16,5,,,,E240,1,TUBER-11-DDW,,384 well plate Grainer,,,03/10/2026,50,,P6,,,P5,24,,0,1,0.6852,0.6852
P,16,6,,,,E240,1,TUBER-11-DDW,,384 well plate Grainer,,,03/10/2026,50,,P6,,,P6,23,,0,1,0.6763,0.6763
P,16,7,,,,E240,1,TUBER-11-DDW,,384 well plate Grainer,,,03/10/2026,50,,P6,,,P7,24,,0,1,0.6852,0.6852
P,16,8,,,,E240,1,TUBER-11-DDW,,384 well plate Grainer,,,03/10/2026,50,,P6,,,P8,22,,0,1,0.6673,0.6673
P,16,9,,,,E240,1,TUBER-11-DDW,,384 well plate Grainer,,,03/10/2026,50,,P6,,,P9,23,,0,1,0.6763,0.6763
P,16,10,,,,E240,1,TUBER-11-DDW,,384 well plate Grainer,,,03/10/2026,50,,P6,,,P10,24,,0,1,0.6852,0.6852
P,16,11,,,,E240,1,TUBER-11-DDW,,384 well plate Grainer,,,03/10/2026,50,,P6,,,P11,23,,0,1,0.6763,0.6763
P,16,12,,,,E240,1,TUBER-11-DDW,,384 well plate Grainer,,,03/10/2026,50,,P6,,,P12,23,,0,1,0.6763,0.6763
P,16,13,,,,E240,1,TUBER-11-DDW,,384 well plate Grainer,,,03/10/2026,50,,P6,,,P13,23,,0,1,0.6763,0.6763
P,16,14,,,,E240,1,TUBER-11-DDW,,384 well plate Grainer,,,03/10/2026,50,,P6,,,P14,23,,0,1,0.6763,0.6763
P,16,15,,,,E240,1,TUBER-11-DDW,,384 well plate Grainer,,,03/10/2026,50,,P6,,,P15,22,,0,1,0.6673,0.6673
P,16,16,,,,E240,1,TUBER-11-DDW,,384 well plate Grainer,,,03/10/2026,50,,P6,,,P16,23,,0,1,0.6763,0.6763
P,16,17,,,,E240,1,TUBER-11-DDW,,384 well plate Grainer,,,03/10/2026,50,,P6,,,P17,22,,0,1,0.6673,0.6673
P,16,18,,,,E240,1,TUBER-11-DDW,,384 well plate Grainer,,,03/10/2026,50,,P6,,,P18,24,,0,1,0.6852,0.6852
P,16,19,,,,E240,1,TUBER-11-DDW,,384 well plate Grainer,,,03/10/2026,50,,P6,,,P19,22,,0,1,0.6673,0.6673
P,16,20,,,,E240,1,TUBER-11-DDW,,384 well plate Grainer,,,03/10/2026,50,,P6,,,P20,22,,0,1,0.6673,0.6673
P,16,21,,,,E240,1,TUBER-11-DDW,,384 well plate Grainer,,,03/10/2026,50,,P6,,,P21,22,,0,1,0.6673,0.6673
P,16,22,,,,E240,1,TUBER-11-DDW,,384 well plate Grainer,,,03/10/2026,50,,P6,,,P22,22,,0,1,0.6673,0.6673
P,16,23,,,,E240,1,TUBER-11-DDW,,384 well plate Grainer,,,03/10/2026,50,,P6,,,P23,22,,0,1,0.6673,0.6673
P,16,24,Standard - 8,,,E240,1,TUBER-11-DDW,,384 well plate Grainer,,,03/10/2026,50,,P6,Standard - 8,,P24,14408,Standard - 8,128,1,129.2061,129.2061